{
  "1": {
    "stats": {
      "file_size_kb": 31.1484375,
      "total_params": 1903313
    },
    "metrics": {
      "train": {
        "loss": 0.6931471605599231,
        "iou": 0.0,
        "dice": 0.0,
        "precision": 0.0,
        "recall": 0.0
      },
      "val": {
        "loss": 0.6931471605599392,
        "iou": 0.0,
        "dice": 0.0,
        "precision": 0.0,
        "recall": 0.0
      },
      "test": {
        "loss": 0.6931471605599363,
        "iou": 0.0,
        "dice": 0.0,
        "precision": 0.0,
        "recall": 0.0
      }
    }
  },
  "2": {
    "stats": {
      "file_size_kb": 31.40625,
      "total_params": 1903313
    },
    "metrics": {
      "train": {
        "loss": 5.427326838832284,
        "iou": 0.04518137872219086,
        "dice": 0.07924611866474152,
        "precision": 0.05278026685118675,
        "recall": 0.3032238781452179
      },
      "val": {
        "loss": 5.596649989460988,
        "iou": 0.03597417101264,
        "dice": 0.06613552570343018,
        "precision": 0.04004158079624176,
        "recall": 0.33676594495773315
      },
      "test": {
        "loss": 5.77838612092087,
        "iou": 0.0417005755007267,
        "dice": 0.07504528015851974,
        "precision": 0.047036413103342056,
        "recall": 0.36079105734825134
      }
    }
  },
  "4": {
    "stats": {
      "file_size_kb": 31.40625,
      "total_params": 1903313
    },
    "metrics": {
      "train": {
        "loss": 0.3015822737166384,
        "iou": 0.024697575718164444,
        "dice": 0.03774155676364899,
        "precision": 0.15587186813354492,
        "recall": 0.02721632458269596
      },
      "val": {
        "loss": 0.2890943506943117,
        "iou": 0.022549191489815712,
        "dice": 0.03419540822505951,
        "precision": 0.1645401418209076,
        "recall": 0.02348250150680542
      },
      "test": {
        "loss": 0.32278610400538466,
        "iou": 0.026452835649251938,
        "dice": 0.03957827761769295,
        "precision": 0.16124072670936584,
        "recall": 0.02855285070836544
      }
    }
  },
  "8": {
    "stats": {
      "file_size_kb": 31.40625,
      "total_params": 1903313
    },
    "metrics": {
      "train": {
        "loss": 0.1287287348775816,
        "iou": 0.2400026023387909,
        "dice": 0.3209567964076996,
        "precision": 0.37704339623451233,
        "recall": 0.3305771052837372
      },
      "val": {
        "loss": 0.1011829834556686,
        "iou": 0.34550976753234863,
        "dice": 0.45591962337493896,
        "precision": 0.4552018642425537,
        "recall": 0.5141788721084595
      },
      "test": {
        "loss": 0.11345240880074377,
        "iou": 0.3392469584941864,
        "dice": 0.44611144065856934,
        "precision": 0.4713173508644104,
        "recall": 0.48450472950935364
      }
    }
  }
}